group	fill	showSelectedlegendfill
1	#FFFFFF	unused
2	#FFFFFF	unused
3	#FFFFFF	unused
4	#FFFFFF	unused
5	#FFFFFF	unused
6	#FFFFFF	unused
7	#FFFFFF	unused
8	#FFFFFF	unused
9	#FFFFFF	unused
10	#FFFFFF	unused
11	#FFFFFF	unused
12	#FFFFFF	unused
13	#FFFFFF	unused
14	#FFFFFF	unused
15	#FFFFFF	unused
16	#FFFFFF	unused
17	#FFFFFF	unused
18	#FFFFFF	unused
19	#FFFFFF	unused
20	#FFFFFF	unused
21	#FFFFFF	unused
22	#FFFFFF	unused
23	#FFFFFF	unused
24	#FFFFFF	unused
25	#FFFFFF	unused
26	#FFFFFF	unused
27	#FFFFFF	unused
28	#FFFFFF	unused
29	#FFFFFF	unused
30	#FFFFFF	unused
31	#FFFFFF	unused
32	#FFFFFF	unused
33	#FFFFFF	unused
34	#FFFFFF	unused
35	#FFFFFF	unused
36	#FFFFFF	unused
37	#FFFFFF	unused
38	#FFFFFF	unused
39	#FFFFFF	unused
40	#FFFFFF	unused
41	#FFFFFF	unused
42	#FFFFFF	unused
43	#FFFFFF	unused
44	#FFFFFF	unused
45	#FFFFFF	unused
46	#FFFFFF	unused
47	#FFFFFF	unused
48	#FFFFFF	unused
49	#FFFFFF	unused
50	#FFFFFF	unused
51	#FFFFFF	unused
52	#FFFFFF	unused
53	#FFFFFF	unused
54	#FFFFFF	unused
55	#FFFFFF	unused
56	#FFFFFF	unused
57	#FFFFFF	unused
58	#FFFFFF	unused
59	#FFFFFF	unused
60	#FFFFFF	unused
61	#FFFFFF	unused
62	#FFFFFF	unused
63	#FFFFFF	unused
64	#FFFFFF	unused
65	#FFFFFF	unused
66	#FFFFFF	unused
67	#FFFFFF	unused
68	#FFFFFF	unused
69	#FFFFFF	unused
70	#FFFFFF	unused
71	#FFFFFF	unused
72	#FFFFFF	unused
73	#FFFFFF	unused
74	#FFFFFF	unused
75	#FFFFFF	unused
76	#FFFFFF	unused
77	#FFFFFF	unused
78	#FFFFFF	unused
79	#FFFFFF	unused
80	#FFFFFF	unused
81	#FFFFFF	unused
82	#FFFFFF	unused
83	#FFFFFF	unused
84	#FFFFFF	unused
85	#FFFFFF	unused
86	#FFFFFF	unused
87	#FFFFFF	unused
88	#FFFFFF	unused
89	#FFFFFF	unused
90	#FFFFFF	unused
91	#FFFFFF	unused
92	#FFFFFF	unused
93	#FFFFFF	unused
94	#FFFFFF	unused
95	#FFFFFF	unused
96	#FFFFFF	unused
97	#FFFFFF	unused
98	#FFFFFF	unused
99	#FFFFFF	unused
100	#FFFFFF	unused
101	#FFFFFF	unused
102	#FFFFFF	unused
103	#FFFFFF	unused
104	#FFFFFF	unused
105	#FFFFFF	unused
106	#FFFFFF	unused
107	#FFFFFF	unused
108	#FFFFFF	unused
109	#FFFFFF	unused
110	#FFFFFF	unused
111	#FFFFFF	unused
112	#FFFFFF	unused
113	#FFFFFF	unused
114	#FFFFFF	unused
115	#FFFFFF	unused
116	#FFFFFF	unused
117	#FFFFFF	unused
118	#FFFFFF	unused
119	#FFFFFF	unused
120	#FFFFFF	unused
121	#FFFFFF	unused
122	#FFFFFF	unused
123	#FFFFFF	unused
124	#FFFFFF	unused
125	#FFFFFF	unused
126	#FFFFFF	unused
127	#FFFFFF	unused
128	#FFFFFF	unused
129	#FFFFFF	unused
130	#FFFFFF	unused
131	#FFFFFF	unused
132	#FFFFFF	unused
133	#FFFFFF	unused
134	#FFFFFF	unused
135	#FFFFFF	unused
136	#FFFFFF	unused
137	#FFFFFF	unused
138	#FFFFFF	unused
139	#FFFFFF	unused
140	#FFFFFF	unused
141	#FFFFFF	unused
142	#FFFFFF	unused
143	#FFFFFF	unused
144	#FFFFFF	unused
145	#FFFFFF	unused
146	#FFFFFF	unused
147	#FFFFFF	unused
148	#FFFFFF	unused
149	#FFFFFF	unused
150	#FFFFFF	unused
151	#FFFFFF	unused
152	#FFFFFF	unused
153	#FFFFFF	unused
154	#FFFFFF	unused
155	#FFFFFF	unused
156	#FFFFFF	unused
157	#FFFFFF	unused
158	#FFFFFF	unused
159	#FFFFFF	unused
160	#FFFFFF	unused
161	#FFFFFF	unused
162	#FFFFFF	unused
163	#FFFFFF	unused
164	#FFFFFF	unused
165	#FFFFFF	unused
166	#FFFFFF	unused
167	#FFFFFF	unused
168	#FFFFFF	unused
169	#FFFFFF	unused
170	#FFFFFF	unused
171	#FFFFFF	unused
172	#FFFFFF	unused
173	#FFFFFF	unused
174	#FFFFFF	unused
175	#FFFFFF	unused
176	#FFFFFF	unused
177	#FFFFFF	unused
178	#FFFFFF	unused
179	#FFFFFF	unused
180	#FFFFFF	unused
181	#FFFFFF	unused
182	#FFFFFF	unused
183	#FFFFFF	unused
184	#FFFFFF	unused
185	#FFFFFF	unused
186	#FFFFFF	unused
187	#FFFFFF	unused
188	#FFFFFF	unused
189	#FFFFFF	unused
190	#FFFFFF	unused
191	#FFFFFF	unused
192	#FFFFFF	unused
193	#FFFFFF	unused
194	#FFFFFF	unused
195	#FFFFFF	unused
196	#FFFFFF	unused
197	#FFFFFF	unused
198	#FFFFFF	unused
199	#FFFFFF	unused
200	#FFFFFF	unused
201	#D95F02	test
202	#1B9E77	train
203	#D95F02	test
204	#1B9E77	train
205	#1B9E77	train
206	#1B9E77	train
207	#1B9E77	train
208	#1B9E77	train
209	#1B9E77	train
210	#1B9E77	train
211	#1B9E77	train
212	#1B9E77	train
213	#1B9E77	train
214	#D95F02	test
215	#1B9E77	train
216	#1B9E77	train
217	#1B9E77	train
218	#1B9E77	train
219	#D95F02	test
220	#D95F02	test
221	#1B9E77	train
222	#D95F02	test
223	#1B9E77	train
224	#1B9E77	train
225	#D95F02	test
226	#1B9E77	train
227	#D95F02	test
228	#D95F02	test
229	#1B9E77	train
230	#1B9E77	train
231	#1B9E77	train
232	#1B9E77	train
233	#1B9E77	train
234	#1B9E77	train
235	#D95F02	test
236	#1B9E77	train
237	#1B9E77	train
238	#1B9E77	train
239	#1B9E77	train
240	#D95F02	test
241	#1B9E77	train
242	#1B9E77	train
243	#1B9E77	train
244	#D95F02	test
245	#1B9E77	train
246	#1B9E77	train
247	#D95F02	test
248	#1B9E77	train
249	#1B9E77	train
250	#D95F02	test
251	#D95F02	test
252	#1B9E77	train
253	#D95F02	test
254	#D95F02	test
255	#1B9E77	train
256	#1B9E77	train
257	#1B9E77	train
258	#1B9E77	train
259	#1B9E77	train
260	#1B9E77	train
261	#D95F02	test
262	#1B9E77	train
263	#1B9E77	train
264	#1B9E77	train
265	#D95F02	test
266	#1B9E77	train
267	#1B9E77	train
268	#1B9E77	train
269	#D95F02	test
270	#1B9E77	train
271	#D95F02	test
272	#D95F02	test
273	#1B9E77	train
274	#D95F02	test
275	#D95F02	test
276	#1B9E77	train
277	#1B9E77	train
278	#D95F02	test
279	#D95F02	test
280	#D95F02	test
281	#1B9E77	train
282	#D95F02	test
283	#1B9E77	train
284	#D95F02	test
285	#1B9E77	train
286	#1B9E77	train
287	#1B9E77	train
288	#1B9E77	train
289	#1B9E77	train
290	#1B9E77	train
291	#1B9E77	train
292	#D95F02	test
293	#D95F02	test
294	#D95F02	test
295	#1B9E77	train
296	#D95F02	test
297	#1B9E77	train
298	#1B9E77	train
299	#D95F02	test
300	#1B9E77	train
301	#D95F02	test
302	#1B9E77	train
303	#D95F02	test
304	#1B9E77	train
305	#1B9E77	train
306	#1B9E77	train
307	#1B9E77	train
308	#1B9E77	train
309	#1B9E77	train
310	#1B9E77	train
311	#1B9E77	train
312	#1B9E77	train
313	#1B9E77	train
314	#D95F02	test
315	#1B9E77	train
316	#1B9E77	train
317	#1B9E77	train
318	#1B9E77	train
319	#D95F02	test
320	#D95F02	test
321	#1B9E77	train
322	#D95F02	test
323	#1B9E77	train
324	#1B9E77	train
325	#D95F02	test
326	#1B9E77	train
327	#D95F02	test
328	#D95F02	test
329	#1B9E77	train
330	#1B9E77	train
331	#1B9E77	train
332	#1B9E77	train
333	#1B9E77	train
334	#1B9E77	train
335	#D95F02	test
336	#1B9E77	train
337	#1B9E77	train
338	#1B9E77	train
339	#1B9E77	train
340	#D95F02	test
341	#1B9E77	train
342	#1B9E77	train
343	#1B9E77	train
344	#D95F02	test
345	#1B9E77	train
346	#1B9E77	train
347	#D95F02	test
348	#1B9E77	train
349	#1B9E77	train
350	#D95F02	test
351	#D95F02	test
352	#1B9E77	train
353	#D95F02	test
354	#D95F02	test
355	#1B9E77	train
356	#1B9E77	train
357	#1B9E77	train
358	#1B9E77	train
359	#1B9E77	train
360	#1B9E77	train
361	#D95F02	test
362	#1B9E77	train
363	#1B9E77	train
364	#1B9E77	train
365	#D95F02	test
366	#1B9E77	train
367	#1B9E77	train
368	#1B9E77	train
369	#D95F02	test
370	#1B9E77	train
371	#D95F02	test
372	#D95F02	test
373	#1B9E77	train
374	#D95F02	test
375	#D95F02	test
376	#1B9E77	train
377	#1B9E77	train
378	#D95F02	test
379	#D95F02	test
380	#D95F02	test
381	#1B9E77	train
382	#D95F02	test
383	#1B9E77	train
384	#D95F02	test
385	#1B9E77	train
386	#1B9E77	train
387	#1B9E77	train
388	#1B9E77	train
389	#1B9E77	train
390	#1B9E77	train
391	#1B9E77	train
392	#D95F02	test
393	#D95F02	test
394	#D95F02	test
395	#1B9E77	train
396	#D95F02	test
397	#1B9E77	train
398	#1B9E77	train
399	#D95F02	test
400	#1B9E77	train
401	#FFFFFF	unused
402	#FFFFFF	unused
403	#FFFFFF	unused
404	#FFFFFF	unused
405	#FFFFFF	unused
406	#FFFFFF	unused
407	#FFFFFF	unused
408	#FFFFFF	unused
409	#FFFFFF	unused
410	#FFFFFF	unused
411	#FFFFFF	unused
412	#FFFFFF	unused
413	#FFFFFF	unused
414	#FFFFFF	unused
415	#FFFFFF	unused
416	#FFFFFF	unused
417	#FFFFFF	unused
418	#FFFFFF	unused
419	#FFFFFF	unused
420	#FFFFFF	unused
421	#FFFFFF	unused
422	#FFFFFF	unused
423	#FFFFFF	unused
424	#FFFFFF	unused
425	#FFFFFF	unused
426	#FFFFFF	unused
427	#FFFFFF	unused
428	#FFFFFF	unused
429	#FFFFFF	unused
430	#FFFFFF	unused
431	#FFFFFF	unused
432	#FFFFFF	unused
433	#FFFFFF	unused
434	#FFFFFF	unused
435	#FFFFFF	unused
436	#FFFFFF	unused
437	#FFFFFF	unused
438	#FFFFFF	unused
439	#FFFFFF	unused
440	#FFFFFF	unused
441	#FFFFFF	unused
442	#FFFFFF	unused
443	#FFFFFF	unused
444	#FFFFFF	unused
445	#FFFFFF	unused
446	#FFFFFF	unused
447	#FFFFFF	unused
448	#FFFFFF	unused
449	#FFFFFF	unused
450	#FFFFFF	unused
451	#FFFFFF	unused
452	#FFFFFF	unused
453	#FFFFFF	unused
454	#FFFFFF	unused
455	#FFFFFF	unused
456	#FFFFFF	unused
457	#FFFFFF	unused
458	#FFFFFF	unused
459	#FFFFFF	unused
460	#FFFFFF	unused
461	#FFFFFF	unused
462	#FFFFFF	unused
463	#FFFFFF	unused
464	#FFFFFF	unused
465	#FFFFFF	unused
466	#FFFFFF	unused
467	#FFFFFF	unused
468	#FFFFFF	unused
469	#FFFFFF	unused
470	#FFFFFF	unused
471	#FFFFFF	unused
472	#FFFFFF	unused
473	#FFFFFF	unused
474	#FFFFFF	unused
475	#FFFFFF	unused
476	#FFFFFF	unused
477	#FFFFFF	unused
478	#FFFFFF	unused
479	#FFFFFF	unused
480	#FFFFFF	unused
481	#FFFFFF	unused
482	#FFFFFF	unused
483	#FFFFFF	unused
484	#FFFFFF	unused
485	#FFFFFF	unused
486	#FFFFFF	unused
487	#FFFFFF	unused
488	#FFFFFF	unused
489	#FFFFFF	unused
490	#FFFFFF	unused
491	#FFFFFF	unused
492	#FFFFFF	unused
493	#FFFFFF	unused
494	#FFFFFF	unused
495	#FFFFFF	unused
496	#FFFFFF	unused
497	#FFFFFF	unused
498	#FFFFFF	unused
499	#FFFFFF	unused
500	#FFFFFF	unused
501	#FFFFFF	unused
502	#FFFFFF	unused
503	#FFFFFF	unused
504	#FFFFFF	unused
505	#FFFFFF	unused
506	#FFFFFF	unused
507	#FFFFFF	unused
508	#FFFFFF	unused
509	#FFFFFF	unused
510	#FFFFFF	unused
511	#FFFFFF	unused
512	#FFFFFF	unused
513	#FFFFFF	unused
514	#FFFFFF	unused
515	#FFFFFF	unused
516	#FFFFFF	unused
517	#FFFFFF	unused
518	#FFFFFF	unused
519	#FFFFFF	unused
520	#FFFFFF	unused
521	#FFFFFF	unused
522	#FFFFFF	unused
523	#FFFFFF	unused
524	#FFFFFF	unused
525	#FFFFFF	unused
526	#FFFFFF	unused
527	#FFFFFF	unused
528	#FFFFFF	unused
529	#FFFFFF	unused
530	#FFFFFF	unused
531	#FFFFFF	unused
532	#FFFFFF	unused
533	#FFFFFF	unused
534	#FFFFFF	unused
535	#FFFFFF	unused
536	#FFFFFF	unused
537	#FFFFFF	unused
538	#FFFFFF	unused
539	#FFFFFF	unused
540	#FFFFFF	unused
541	#FFFFFF	unused
542	#FFFFFF	unused
543	#FFFFFF	unused
544	#FFFFFF	unused
545	#FFFFFF	unused
546	#FFFFFF	unused
547	#FFFFFF	unused
548	#FFFFFF	unused
549	#FFFFFF	unused
550	#FFFFFF	unused
551	#FFFFFF	unused
552	#FFFFFF	unused
553	#FFFFFF	unused
554	#FFFFFF	unused
555	#FFFFFF	unused
556	#FFFFFF	unused
557	#FFFFFF	unused
558	#FFFFFF	unused
559	#FFFFFF	unused
560	#FFFFFF	unused
561	#FFFFFF	unused
562	#FFFFFF	unused
563	#FFFFFF	unused
564	#FFFFFF	unused
565	#FFFFFF	unused
566	#FFFFFF	unused
567	#FFFFFF	unused
568	#FFFFFF	unused
569	#FFFFFF	unused
570	#FFFFFF	unused
571	#FFFFFF	unused
572	#FFFFFF	unused
573	#FFFFFF	unused
574	#FFFFFF	unused
575	#FFFFFF	unused
576	#FFFFFF	unused
577	#FFFFFF	unused
578	#FFFFFF	unused
579	#FFFFFF	unused
580	#FFFFFF	unused
581	#FFFFFF	unused
582	#FFFFFF	unused
583	#FFFFFF	unused
584	#FFFFFF	unused
585	#FFFFFF	unused
586	#FFFFFF	unused
587	#FFFFFF	unused
588	#FFFFFF	unused
589	#FFFFFF	unused
590	#FFFFFF	unused
591	#FFFFFF	unused
592	#FFFFFF	unused
593	#FFFFFF	unused
594	#FFFFFF	unused
595	#FFFFFF	unused
596	#FFFFFF	unused
597	#FFFFFF	unused
598	#FFFFFF	unused
599	#FFFFFF	unused
600	#FFFFFF	unused
601	#1B9E77	train
602	#1B9E77	train
603	#1B9E77	train
604	#D95F02	test
605	#1B9E77	train
606	#1B9E77	train
607	#D95F02	test
608	#D95F02	test
609	#1B9E77	train
610	#D95F02	test
611	#1B9E77	train
612	#1B9E77	train
613	#1B9E77	train
614	#1B9E77	train
615	#1B9E77	train
616	#D95F02	test
617	#1B9E77	train
618	#D95F02	test
619	#1B9E77	train
620	#1B9E77	train
621	#D95F02	test
622	#D95F02	test
623	#1B9E77	train
624	#1B9E77	train
625	#1B9E77	train
626	#1B9E77	train
627	#D95F02	test
628	#1B9E77	train
629	#D95F02	test
630	#1B9E77	train
631	#1B9E77	train
632	#1B9E77	train
633	#1B9E77	train
634	#1B9E77	train
635	#D95F02	test
636	#1B9E77	train
637	#1B9E77	train
638	#D95F02	test
639	#1B9E77	train
640	#1B9E77	train
641	#1B9E77	train
642	#D95F02	test
643	#D95F02	test
644	#D95F02	test
645	#D95F02	test
646	#D95F02	test
647	#D95F02	test
648	#1B9E77	train
649	#1B9E77	train
650	#1B9E77	train
651	#1B9E77	train
652	#D95F02	test
653	#D95F02	test
654	#1B9E77	train
655	#D95F02	test
656	#1B9E77	train
657	#D95F02	test
658	#1B9E77	train
659	#1B9E77	train
660	#1B9E77	train
661	#1B9E77	train
662	#1B9E77	train
663	#1B9E77	train
664	#1B9E77	train
665	#1B9E77	train
666	#1B9E77	train
667	#1B9E77	train
668	#1B9E77	train
669	#1B9E77	train
670	#D95F02	test
671	#D95F02	test
672	#1B9E77	train
673	#1B9E77	train
674	#1B9E77	train
675	#1B9E77	train
676	#1B9E77	train
677	#1B9E77	train
678	#D95F02	test
679	#1B9E77	train
680	#D95F02	test
681	#D95F02	test
682	#1B9E77	train
683	#1B9E77	train
684	#1B9E77	train
685	#D95F02	test
686	#1B9E77	train
687	#D95F02	test
688	#1B9E77	train
689	#1B9E77	train
690	#D95F02	test
691	#1B9E77	train
692	#1B9E77	train
693	#D95F02	test
694	#1B9E77	train
695	#1B9E77	train
696	#D95F02	test
697	#D95F02	test
698	#1B9E77	train
699	#1B9E77	train
700	#D95F02	test
701	#1B9E77	train
702	#1B9E77	train
703	#1B9E77	train
704	#D95F02	test
705	#1B9E77	train
706	#1B9E77	train
707	#D95F02	test
708	#D95F02	test
709	#1B9E77	train
710	#D95F02	test
711	#1B9E77	train
712	#1B9E77	train
713	#1B9E77	train
714	#1B9E77	train
715	#1B9E77	train
716	#D95F02	test
717	#1B9E77	train
718	#D95F02	test
719	#1B9E77	train
720	#1B9E77	train
721	#D95F02	test
722	#D95F02	test
723	#1B9E77	train
724	#1B9E77	train
725	#1B9E77	train
726	#1B9E77	train
727	#D95F02	test
728	#1B9E77	train
729	#D95F02	test
730	#1B9E77	train
731	#1B9E77	train
732	#1B9E77	train
733	#1B9E77	train
734	#1B9E77	train
735	#D95F02	test
736	#1B9E77	train
737	#1B9E77	train
738	#D95F02	test
739	#1B9E77	train
740	#1B9E77	train
741	#1B9E77	train
742	#D95F02	test
743	#D95F02	test
744	#D95F02	test
745	#D95F02	test
746	#D95F02	test
747	#D95F02	test
748	#1B9E77	train
749	#1B9E77	train
750	#1B9E77	train
751	#1B9E77	train
752	#D95F02	test
753	#D95F02	test
754	#1B9E77	train
755	#D95F02	test
756	#1B9E77	train
757	#D95F02	test
758	#1B9E77	train
759	#1B9E77	train
760	#1B9E77	train
761	#1B9E77	train
762	#1B9E77	train
763	#1B9E77	train
764	#1B9E77	train
765	#1B9E77	train
766	#1B9E77	train
767	#1B9E77	train
768	#1B9E77	train
769	#1B9E77	train
770	#D95F02	test
771	#D95F02	test
772	#1B9E77	train
773	#1B9E77	train
774	#1B9E77	train
775	#1B9E77	train
776	#1B9E77	train
777	#1B9E77	train
778	#D95F02	test
779	#1B9E77	train
780	#D95F02	test
781	#D95F02	test
782	#1B9E77	train
783	#1B9E77	train
784	#1B9E77	train
785	#D95F02	test
786	#1B9E77	train
787	#D95F02	test
788	#1B9E77	train
789	#1B9E77	train
790	#D95F02	test
791	#1B9E77	train
792	#1B9E77	train
793	#D95F02	test
794	#1B9E77	train
795	#1B9E77	train
796	#D95F02	test
797	#D95F02	test
798	#1B9E77	train
799	#1B9E77	train
800	#D95F02	test
